Название,Цена,Ссылка,Описание,Просмотров,Дата публикации,Продавец,Адрес,О помещении
"Помещение, 41,3 м2, новый ремонт, первая линия",1858000,https://www.avito.ru/samara/kommercheskaya_nedvizhimost/pomeschenie_413_m2_novyy_remont_pervaya_liniya_3557523970,"! Данное помещение можно приобрести в ипотеку без первоначального взноса с платежом от 7 400 рублей в месяц. Продаю нежилое помещение свободного назначения с новым евроремонтом в многоэтажной новостройке на первой линии ул. Демократической 2Б. В помещении можно организовать мокрую точку. Санузел на этаже. Очень большой пешеходный и автомобильный трафик. Цокольный этаж. Круглосуточный доступ. Все коммуникации. Место под рекламу. Подойдёт под широкий спектр видов деятельности, торговля, услуги, кабинет, шоурум, офис, магазин и так далее при желании быстрая сдача в аренду (в здании нет свободных площадей под аренду) Так же могу предложить в этом здании аналогичные площади больших и меньших площадей. В договоре полная стоимость. Рассмотрю различные варианты, обмен. Помогу с оформлением коммерческой ипотеки для физических и юридических лиц. Собственник. Я собственник, соответственно отсутствуют комиссии риелторов. Так же есть в наличии помещения больших площадей в этом здании.",-,-,no,-,{}
"Комплекс зданий 5 592,7 м²",1,https://www.avito.ru/samara/kommercheskaya_nedvizhimost/kompleks_zdaniy_5_5927_m_2331855255,"Предлагается к продаже: 1. Здание площадью 1 906,3 кв. М, кадастровый номер: 63:01:0738001:1557. 2. Помещение площадью 2170,2 кв. М, кадастровый номер: 63:01:0738002:1041. 3. Здание площадью 443,0 кв. М, кадастровый номер: 63:01:0738002:1062. 4. Здание площадью 198,3 кв. М, кадастровый номер: 63:01:0738002:1092. 5. Узел учета тепловой энергии. 6. Сигнализация автоматическая пожарная. Расположены по адресу: Самарская обл., г. Самара, Промышленный р-н, ул. Рыльская, д. 13. Земельный участок под зданием полоса отвода Оао «Ржд». Общее состояние объекта удовлетворительное, частично требует капитального ремонта. Коммуникации — электричество. Здание расположено вблизи ЖД инфраструктуры. По вопросу осмотра объектов необходимо обратиться по телефону, указанному в объявлении. Просьба звонить в рабочие дни с 9:00 до 18:00 часов. Продажа объекта осуществляется на аукционе. Дата проведения аукциона: 15.12.2023 года. Дата окончания приема заявок: 11.12.2023 года. Место и форма проведения аукциона: электронная торговая площадка «Ртс-Тендер». Номер процедуры на сайте «Ртс-Тендер»: 143106. Подробная информация на сайте АО «Железнодорожная торговая компания» в разделе «Тендеры», «Ртс-Тендер».",-,-,no,-,{}
"Помещение с арендатором, 56 м²",7500000,https://www.avito.ru/samara/kommercheskaya_nedvizhimost/pomeschenie_s_arendatorom_56_m_3501143914,"От собственника! Без комиссии! Продам помещение свободного назначения с долгосрочными арендаторами. Ремонт, вложений не требует. Возможность размещения рекламной вывески. Разрешенная мощность 5 квт. Отдельный вход, доступ 24/7. Проведена пожарная и охранная сигнализация. Вода холодная / горячая, отопление центральное Санузел. Естественная вентиляция, и кондиционирование. По всем вопросам можете обращаться к представителю собственника: Ирина Р.",-,-,no,-,{}
"Свободного назначения с ндс, 304 м²",80000,https://www.avito.ru/samara/kommercheskaya_nedvizhimost/svobodnogo_naznacheniya_s_nds_304_m_3469559812,"От собственника! Без комиссии! Продается помещение свободного назначения с отличным автомобильным и пешеходным трафиком. Расположенное на улице Ленинская. Удобное расположение на оживленной улице города. Рядом располагаются большие офисные здания. - Первая линия. - Отдельный вход. - Доступ к помещению 24/7, есть запасной выход. - Перед входом есть парковка. - Центральное водоснабжение, наличие холодной и горячей воды, центральное отопление. - Установлена мощная приточно- вытяжная вентиляция, установлены вытяжные зонты. - Помещение оборудовано пожарной и охранной сигнализацией. - Разрешенная мощность 80 квт, 3 фазы. - Установлена система кондиционирования. - В помещение сделан дизайнерский ремонт. Ранее помещение использовалось под ресторан. По просмотру звоните заранее, чтобы договориться об удобном времени и обеспечить доступ к помещению. По всем вопросам обращаться к представителю собственника: еленат.",-,-,no,-,{}
"Офис, 118 м²",5000000,https://www.avito.ru/samara/kommercheskaya_nedvizhimost/ofis_118_m_2769540488,"Офис с арендаторами в центре города на пересечении ул. Садовой и ул. Некрасовской. Четыре кабинета, площадью 44.4, 16.5, 13 и 7.9 м², два сан. Узла, один с ванной, стиральной машинкой, 3 и 5.6 м² соответственно, кухня 6.4 м², подобное помещение при входе. Салон красоты (3 кабинета) и студия лечебного массажа (большой кабинет) арендуют уже несколько лет. Отличный способ вложения денег. При желании можно переделать под квартиру.",-,-,no,-,{}
"Свободного назначения, 137 м²",5841427,https://www.avito.ru/samara/kommercheskaya_nedvizhimost/svobodnogo_naznacheniya_137_m_3738518199,Продается коммерческое помещение в ЖК Черемшанский. Отделка черновая. Срок сдачи дома декабрь 2023 г. Продажа от застройщика.,-,-,no,-,{}
"Свободного назначения, 42 м²",1740000,https://www.avito.ru/samara/kommercheskaya_nedvizhimost/svobodnogo_naznacheniya_42_m_3536069897,"Продам пo выгодной цeнe! Успейте купить интеpеcный объект нeдвижимоcти в Октябpьском paйoнe. Можно рассматривать помещение как коммерческое помещение свободного назначения или как аппартаменты, студию, пришлю Вам видео возможного ремонта! Kадастрoвый нoмер пoмeщeния 63:01:0637003:3378. Самаpa, 3 просека, дoм 94 «Л». Помeщeниe в чеpнoвой oтдeлке, оформлен ввод эл-вa c лицeвым счeтом (установлен электро- счетчик и автоматы, входная дверь). Под салон красоты, под апартаменты, под сферу услуг, под инвестиции. Продаю нежилое помещение 42 м2 в Октябрьском районе в новом ЖК «Эко-квартал». Возможное использование: салон красоты, пункт выдачи, интернет магазин, фото- студия, салон, офисные помещение для малого бизнеса, другие не производственные цели, апартамент для временного проживания! Этаж -1- цоколь с окном! Над цоколем расположены жилые квартиры. Статус-нежилое помещение, санузла сейчас нет, можно организовывать самостоятельно. Прилагаю вариант дизайн-проекта помещения под офис, есть видео готовых вариантов ремонта аналогичных помещений. Заведены коммуникации: Центральное водоснабжение, канализация, эл-во, вентиляция, окно, отдельный от квартир вход на 4 помещения. Организация отопления –автономное электро. Своя парковка на охраняемой территории. Рядом # жк эко-квартал # жк акварель # жк изумрудный # жк современник. Возможные варианты использования: Фотостудия/Салон красоты/Медицинский кабинет/Массажный кабинет/Группа раннего развития/Курсы/Фотозона/Аппартаменты/Студия. Прилагаю видео аналогичного помещения с ремонтом, как пример что можно сделать. Показ по предварительной договоренности. Если телефон не отвечает, прошу написать на авито в сообщениях. Перезвоню Вам. Продажа объекта без дополнительных затрат для Покупателя.",-,-,no,-,{}
"Офис, 19.7 м²",2050000,https://www.avito.ru/samara/kommercheskaya_nedvizhimost/ofis_19.7_m_3738488280,"Продаю офисное помещение в бизнес центре Форум, рядом Метро «Московская », Мфц, рынок Караван, 7/13 этажного здания, 19.7 кв. М., помещение с ремонтом, в Бизнес центре охрана, видеонаблюдение, пожарная сигнализация, вентиляция и кондиционирование воздуха. Очень удобная продуманная транспортная развязка. Документы готовы, без ограничений и обременений, полная стоимость по договору.",-,-,no,-,{}
Торговое помещение на первой линии,5300000,https://www.avito.ru/samara/kommercheskaya_nedvizhimost/torgovoe_pomeschenie_na_pervoy_linii_3327633253,"Г. Самара, Советский р-н, ул. Гагарина, д. 129. Ближайшее пересечение с ул. Советской Армии. Общая площадь: 43 м2. 1-й этаж. Отдельный вход. Окна выходят: на улицу Гагарина. Возможность разгрузки грузовых машин. Место под рекламу на фасаде помещения: отдельная выносная конструкция. Высота потолков: 2,6м. Охранная и пожарная сигнализация. Планировка: 3 кабинета. Выделенная мощность: 15 квт. Ремонт в помещении: пол плитка, стены гипсокартон, потолок армстронг, освещение светодиодное. Ближайшая остановка в 100 метрах. В ближайшем окружении: Пятёрочка, Вайлдберриз, магазин дверей, Озон, станция метро Советская, парк Дружбы. Возможное использование: офис, пункт выдачи заказов, парикмахерская. Стоимость продажи: 5 300 000 рублей. Без какой либо комиссии для покупателя! Ступарь Виктор.",-,-,no,-,{}
Офис на ул.Куйбышева,2050000,https://www.avito.ru/samara/kommercheskaya_nedvizhimost/ofis_na_ul.kuybysheva_2869032927,"Продается офис первой линии ул. Куйбышева. Помещение расположено в историческом центре города, в престижном районе, на пересечении улиц Ленинградская/Куйбышева. В шаговой доступности находится остановки общественного транспорта, различные кофейни, супермаркеты и другие объекты инфраструктуры города. Объект расположен на втором этаже офисного центра. При входе расположен круглосуточный пункт охраны. Внутри помещения имеется большое, светлое окно, высокий потолок 4.2 метра. Проведена пожарная сигнализация, отопление, выделенная мощность 5 квт. В данный момент офис сдан в аренду и приносит стабильный доход.",-,-,no,-,{}
"Производство, 453 м²",4350000,https://www.avito.ru/samara/kommercheskaya_nedvizhimost/proizvodstvo_453_m_2872628066,Продам производственное/складское помещение. Охраняемая асфальтированная территория. Рабочая кран-балка. Все коммуникации. Электричество 380. Отопление газ. Есть возможность увеличения площади. Есть офисные помещения. Торг обоснованный. Рассрочка без участия банков. Рассматриваем обмен на автотранспорт.,-,-,no,-,{}
"Офис, 69.1 м²",50000,https://www.avito.ru/samara/kommercheskaya_nedvizhimost/ofis_69.1_m_3358229918,"Продается офисное помещение на 3 этаже офисного центра. Общая площадь 69,1 кв. М. Два собственника — 35,6 и 33,5 кв. М. Собственники — физические лица. Помещения в отличном состоянии. 2 больших окна, выходят на ул. Мориса Тореза. В офисном центре хороший ремонт. Охрана. Рядом небольшая стоянка. Тихий, спокойный район с хорошей геолокацией. Не устраивает цена — предложите свою Рассмотрим любые конструктивные предложения.",-,-,no,-,{}
"Свободного назначения, 186.6 м²",7944682,https://www.avito.ru/samara/kommercheskaya_nedvizhimost/svobodnogo_naznacheniya_186.6_m_3737965526,Продается коммерческое помещение в ЖК Черемшанский. Отделка черновая. Срок сдачи дома декабрь 2023 г. Продажа от застройщика.,-,-,no,-,{}
"Свободного назначения, 34 м²",4500000,https://www.avito.ru/samara/kommercheskaya_nedvizhimost/svobodnogo_naznacheniya_34_m_3046516576,"Помещение 34 м. Кв. На 1-этаже, с отдельным входом, парковкой через шлагбаум. Свой санузел, отопление, кондиционер, электричество 3 квт, естественная вентиляция (вентканал). Нежилое, торговое помещение находится в городе Самара, по адресу Ново-садовая 180A, с обратной стороны клиники Медицина(в одном здании). Рядом Фрау Мюллер, ТЦ Апельсин. Заезд с ул. 22-Партсъезда, с этой улицы помещение хорошо просматривается. Окон нет, только стеклянная дверь. Отлично подходит под арендный бизнес, сдаётся моментально по цене хорошей квартиры, при этом не требуется ни мебелеровка ни техника.",-,-,no,-,{}
"Помещение свободного назначения, 58.6 м²",7900000,https://www.avito.ru/samara/kommercheskaya_nedvizhimost/pomeschenie_svobodnogo_naznacheniya_58.6_m_3668359204,Офис рядом со станцией метро Спортивная. Продается готовый бизнес вместе с арендаторами. Помещение в хорошем состоянии. Арендаторы исправно платят. Аккуратные.,-,-,no,-,{}
"Продам торговое помещение, 73 м²",9701000,https://www.avito.ru/samara/kommercheskaya_nedvizhimost/prodam_torgovoe_pomeschenie_73_m_3842105918,"Назовите номер ID 2734 при обращении к специалистам. Для быстрого ответа на ваш вопрос! Продается нежилое помещение с арендатором на ул. Ново Садовая / ул. Лейтенанта Шмидта. Все коммуникации. Объект находится территориально в плотной жилой застройке, остановки общественного транспорта, магазины формата стрит ритейл. Удобные подъездные пути, удобная и свободная планировка. Есть арендатор: за 68 000 рублей — пункт выдачи заказов.",-,-,no,-,{}
"Свободного назначения, 175.8 м²",4900000,https://www.avito.ru/samara/kommercheskaya_nedvizhimost/svobodnogo_naznacheniya_175.8_m_3572584148,"Прoдaется нежилoe помещение. Г. Cамaра, Oктябрьский район, ул. Гагapинa, д.26a. Дом на находится на углу улиц Гагарина и пр. Митиpёвa. Общая плoщадь: 175,8 кв. М. Этaж/этaжноcть: -1/10. Цокольный этаж имеет окна, на улицы Гагарина, Митерёва и во двор. B пoмещениe двa oтдeльныx вхoдa c улицы Гaгaрина и пp. Митиpёвa. Mеcтo под рекламу на фacаде помещения: отдельная выносная конструкция/баннеры над входом. Высота потолков: 2,5 м. Выделенная мощность: 10 квт. Ремонт в помещении: пол плитка, стены окрашены. Близость остановок общественного транспорта. Возможное использование: подходит под любой вид деятельности, офис, салон красоты, общественное питание, магазин, пив-бар и тд. Торг.",-,-,no,-,{}
"Помещение на 1 этаже, 115.7 м²",3867720,https://www.avito.ru/samara/kommercheskaya_nedvizhimost/pomeschenie_na_1_etazhe_115.7_m_3634900136,"Артикул А333290. ˇ. Центральное Агентство Залогового Имущества (Цази) реализует: Помещение 115.7 м² на 1 этаже жилого дома с отдельным входом. Текущее использование — торгово-офисное. ˇ. Описание и характеристики: - в 5 этажном жилом доме 1974 года постройки. - фундамент ленточный; стены крупноблочные. - полы керамическая плитка; окна стеклопакеты; двери металлические, филенчатые. - внутренняя отделка: простая. - коммуникации: проведены все коммуникации (центральные). ˇ. Расположение и инфраструктура: Здание расположено внутри квартала, в непосредственной близости от Пугачевского тракта. Окружающая застройка смешанная. Удобный подъезд, хорошая транспортная доступность. Остановка общественного транспорта «Заготзерно»- 400 м. Территория асфальтирована, благоустроена. Парковка стихийная на прилегающей территории. ˇ. Возможна отсрочка оплаты имущества на 30 дней. Возможен наличный и безналичный расчет. Обременения отсутствуют. ˇ. Распродажа залогового имущества. Предложение имеет срочность. Просим звонить прямо сейчас! ˇ. Полный перечень продаваемого имущества по ссылке ниже.",-,-,no,-,{}
"Продам помещение свободного назначения, 67.6 м²",700000,https://www.avito.ru/samara/kommercheskaya_nedvizhimost/prodam_pomeschenie_svobodnogo_naznacheniya_67.6_m_3632117231,"Продаю помещение свободного назначения. Сухое и тёплое. Готовые идеи: - помещение можно разделить перегородками на небольшие кладовки, сдавать в аренду или продать каждую по отдельности. - оборудовать под мастерскую. - использовать как складское помещение. Помещение находится в офисном центре на пересечении улиц Ленинская/Вилоновская, в центральной части города. Удобные подъездные пути, вход со стороны парковки во дворе с въездом через ворота. Так же в продаже есть второе помещение площадью 79,2 м. Лот №601992.",-,-,no,-,{}
"Помещение свободного назначения, 154.8 м²",7500000,https://www.avito.ru/samara/kommercheskaya_nedvizhimost/pomeschenie_svobodnogo_naznacheniya_154.8_m_3505096412,"Продажа от собственника! Помещение находится возле «Ozon» и «Пятерочки» в месте большого пешеходного трафика. Отдельный вход с торца здания. Возможность подъехать грузовому транспорту ко входу. Рядом остановка общественного транспорта. Сухое и теплое место. Место под вашу рекламу на фасаде здания. Легко-запоминающийся адрес для ваших клиентов. Помещение подойдёт под любой вид бизнеса. Также заинтересованы в предложения о долгосрочной аренде, Стоимость аренды = 70.000р.",-,-,no,-,{}
"Свободного назначения, 46.8 м²",3300000,https://www.avito.ru/samara/kommercheskaya_nedvizhimost/svobodnogo_naznacheniya_46.8_m_3441075278,"Продается помещение с отдельным входом, с арендатором, первая линия улицы Партизанская и Борская, подойдёт как арендный бизнес и как помещение для различных видов деятельности.",-,-,no,-,{}
"Свободного назначения, 50 м²",2250000,https://www.avito.ru/samara/kommercheskaya_nedvizhimost/svobodnogo_naznacheniya_50_m_3284709066,Окна во двор. Помещение офисного типа. Вход в офис через подъезд дома. Отдельного входа нет. Две комнаты 22.2 кв. М. И 16.7 кв. М. Есть туалетная комната (только для этого помещения).,-,-,no,-,{}
"Производство, 420 м²",3990000,https://www.avito.ru/samara/kommercheskaya_nedvizhimost/proizvodstvo_420_m_2872339342,Продам производственное/складское помещение. Охраняемая асфальтированная территория. Все коммуникации. Электричество 380. Отопление газ. Есть возможность увеличения площади. Есть офисные помещения. Торг приветствуется. Рассрочка без участия банков. Рассматриваем обмен на автотранспорт.,-,-,no,-,{}
"Офис, 40.7 м²",5100000,https://www.avito.ru/samara/kommercheskaya_nedvizhimost/ofis_40.7_m_2520081659,"Продам нежилое помещение с отдельным входом на 1 этаже 10этажного дома, вход из подъезда также имеется. Отличный свежий ремонт. 2 комнаты по 15м2. Санузел. Выделенная мощность 15квт. Рядом парковка. Густонаселенный массив высотных домов в Октябрьском районе г. Самары. Офисные центры, столовые, департаменты Самарской области, детские центры, стоматологии и другие. Есть Арендаторы.",-,-,no,-,{}
"Свободного назначения, 72 м²",5400000,https://www.avito.ru/samara/kommercheskaya_nedvizhimost/svobodnogo_naznacheniya_72_m_2255007351,"Продаем помещение на цокольном этаже. Помещение с окнами, холл и 2 полноценных кабинета, с/у. Помещение с ремонтом. Отдельный вход.",-,-,no,-,{}
"Продам офисное помещение, 27 м²",1580000,https://www.avito.ru/samara/kommercheskaya_nedvizhimost/prodam_ofisnoe_pomeschenie_27_m_2476321243,"В продаже офис в центре города в Октябрьском районе на пересечении улиц Гаражная и Революционная. Офис на 3 этаже в пятиэтажном офисном здании. Не угловой, теплый, светлый. В здании системы охранной и пожарной сигнализации. Отличные соседи, чистый и ухоженный этаж. Высокий автомобильный и пешеходный трафик, в ближайшем окружении — несколько крупных строящихся жилых комплексов, развязка Московское шоссе / Революционная. Все эти факторы обеспечивают хорошие условия для ведения бизнеса торговли и услуг. Бесплатно поможем с оформлением ипотеки. Звоните! Покажу в удобное для вас время.",-,-,no,-,{}
"Свободного назначения, 220 м²",5950000,https://www.avito.ru/samara/kommercheskaya_nedvizhimost/svobodnogo_naznacheniya_220_m_3322635850,"Коммерческое -Цокольное. Помещение 220 М. Кв. Чистое( стены, потолки все покрашены), Сухое( не затапливается, не мокнет) Тёплое ( чугунные батарей во всех помещениях). Все занято арендаторами(3), договора долгосрочные. Два отдельных входа( возможно ещё один пристроить). Центральное водоснабжение- водоотведения, отопление, электричество. Два отдельных С/У, умывальники, вытяжка. Торг.",-,-,no,-,{}
"Гостиница, Сауна, офис, дом",3300000,https://www.avito.ru/samara/kommercheskaya_nedvizhimost/gostinitsa_sauna_ofis_dom_2878741226,"2-х этажное отдельностоящее здание 106 кв. М., бывшая сауна. Есть бетонная чаша бассейна. Назначение: нежилое помещение. Вода заведена, законсервирована необходимо заключать договор, газ — на руках тех. Условия внесена предоплата 50%, Эл-во 12 квт можно увеличить. На территории большая асфальт. Площадка, склады, есть ж/д тупик. Можно все дополнительно арендовать. Требуется кап. Ремонт. Подойдет под гостиницу, офис, жилой дом, возможна оплата с ндс.",-,-,no,-,{}
"Свободного назначения, 140 м²",5900000,https://www.avito.ru/samara/kommercheskaya_nedvizhimost/svobodnogo_naznacheniya_140_m_3443372003,"Коммерческое помещение, расположено в доме по ул. Тухачевского. 82. Цокольное, с Окнами! Отличная планировка. Черновая отделка. Есть ещё помещение площадью 45 м2 в этом же доме. Торг возможен!",-,-,no,-,{}
"Офис, 12 м²",2500000,https://www.avito.ru/samara/kommercheskaya_nedvizhimost/ofis_12_m_3640003472,"Продается готовый офис в ЖК «Панорама». Помещение располагается на 2-ом этаже, отдельный вход. Офис полностью оборудован мебелью, офисной техникой. Проведен телефон, интернет. Возможно провести телевидение. Возможна продажа без мебели и техники.",-,-,no,-,{}
"Офис, 47.2 м²",4200000,https://www.avito.ru/samara/kommercheskaya_nedvizhimost/ofis_47.2_m_3392740058,"Продаю помещение на 8-м этаже в офисном центре «Таганка». В офисном центре 2 лифта (пассажирский и грузовой). Помещение разделено перегородками из гипсокартона и перголами из дерева на 3 кабинета, зону ожидания, зону приема пищи и санузел. Сделан качественный ремонт в светло-серых тонах, потолок Армстронг, установлен кондиционер, выполнено грамотное электроснабжение всех зон. Помещение светлое и уютное. Есть действующие арендаторы («Miledium beauty studio»), с которыми заключен долгосрочный договор.",-,-,no,-,{}
"Продам помещение свободного назначения, 121 м²",6900000,https://www.avito.ru/samara/kommercheskaya_nedvizhimost/prodam_pomeschenie_svobodnogo_naznacheniya_121_m_3341800611,"Предлагаем в покупку универсальное помещение, в черновой отделке в историческом центре города. Окна выходят на улицу Максима Горького. Подойдет под любой бизнес. Есть подвал сухой, отапливаемый, под площадью всего помещения. В доме полностью заменены общедомовые коммуникации. Покажем в любое время. Срочная продажа. В шаговой доступности старая набережная р. Волга.",-,-,no,-,{}
"Свободного назначения, 236.3 м²",5900000,https://www.avito.ru/samara/kommercheskaya_nedvizhimost/svobodnogo_naznacheniya_236.3_m_3516300643,"Сухое, теплое, есть разводка под санузел. Имеется два окна на улицу, в одном проеме можно оборудовать еще одну входную зону с улицы. Помещение готово к ремонту под нужды нового собственника, подрядчик имеется. Возможна сдача в аренду. Я собственник, прямая продажа. Форма оплаты-любая, по договоренности. В услугах риэлторов не нуждаюсь.",-,-,no,-,{}
"Офис, 173 м² ул.Мичурина",8700000,https://www.avito.ru/samara/kommercheskaya_nedvizhimost/ofis_173_m_ul.michurina_3643005015,"Продаётся офисное помещение с арендаторами, заполнено на 100%. Общая площадь: 173 кв. М. Пол- кeрaмогрaнит, пoтолок- apмcтрoнг, стены — под покpаcку, Два санузла. Помещения оборудованы кондиционерами и видеонаблюдением. Выделенная мощность 10 квт. Oчeнь оживленное меcтo, с удобными проездами. Рядом мнoжеcтво oфиcов и торговых помещений. Район с большим скоплением многоэтажных домов, в месте концентрации объектов коммерческой деятельности.",-,-,no,-,{}
"Продам помещение свободного назначения, 70 м²",2300000,https://www.avito.ru/samara/kommercheskaya_nedvizhimost/prodam_pomeschenie_svobodnogo_naznacheniya_70_m_3198114176,"Очень интересное и выгодное предложение! В помещении выполнен качественный ремонт, заменены все коммуникации, в том числе отопление, водоснабжение, электропроводка, приборы учета, установлены пластиковые окна, распашные решетки, железные входные двери, рольставни, по проекту организован отдельный вход. По периметру дома и в подъезде установлена дорогая система видеонаблюдения, с возможностью дистанционного контроля со смартфона (стоимость видеонаблюдения оговаривается отдельно). Помещение состоит из четырех основных комнат, три из которых полностью отремонтированы. Две комнаты — офисное пространство (плюс серверная-кладовка), третья комната отведена под сауну, душевую, санузел, а четвертая комната не доделана и ожидает вашего решения. Помещение в собственности, договора с коммунальными службами в порядке. Прямая продажа. Любые формы оплаты. Рассмотрим обмен, взаимозачет. Показ по предварительной договоренности.",-,-,no,-,{}
"Здание, 359.4 м²",1600000,https://www.avito.ru/samara/kommercheskaya_nedvizhimost/zdanie_359.4_m_3682217298,Продаётся помещение ресторана / кафе (ранее ресторан Старый Георг). 3/10 доли в праве. В настоящее время не функционирует. Дополнительная информация по телефону. Показ в удобное для обеих сторон время.,-,-,no,-,{}
Высокодоходный арендный бизнес 40 м²,6280000,https://www.avito.ru/samara/kommercheskaya_nedvizhimost/vysokodohodnyy_arendnyy_biznes_40_m_3304570259,"Продается нежилое помещение на одном из самых оживленных перекрестков в Самаре ул. Авроры\Дыбенко. Рядом пешеходный переход. Помещение на 1м этаже общей площадью 40 кв. М. С отдельным входом, представляет собой большой холл и отдельный санузел. Все окна и вход выходят на проезжую часть. Имеется место под рекламу на фасаде помещения. Высокий автомобильный и пешеходный трафик. Помещение уже более 8 лет сдано одному и тому же постоянному арендатору годовой арендный поток 625тыс. Ежегодная индексация 10 %. Все коммунальные (в том числе содержание имущества, текущий и капитальный ремонты, отопление, водоснабжение и электричество) оплачиваются арендатором сверх арендной платы. Окупаемость проекта менее 10 лет. Налог на имущество за 2022г 1132 рубля. Риэлторов просьба не беспокоить. Комиссию не плачу.",-,-,no,-,{}
"Свободного назначения, 129.1 м²",8900000,https://www.avito.ru/samara/kommercheskaya_nedvizhimost/svobodnogo_naznacheniya_129.1_m_3841862727,"Продам нежилое помещение общей площадью 129,1 кв м, за ТЦ «Эль-Рио» на Московском шоссе. Последнее время использовалось под магазин детской одежды. Торг! Обменные варианты! Показ в удобное для вас время! Доп информация по телефону.",-,-,no,-,{}
"Свободного назначения, 200 м²",85000,https://www.avito.ru/samara/kommercheskaya_nedvizhimost/svobodnogo_naznacheniya_200_m_3549937433,"Продам помещение свободного назначения общей площадью 200м2 идеально под семейное кафе или пекарню (кулинарию). Имеется второй этаж, высокие потолки. Центральное отопление, Хвс, Гвс, канализация (самотечная), электроэнергия, пожарная охрана. Вход как во двор, так и на первую линию ул. Стара-Загора, плотный пешеходный и автомобильный трафик, густо заселенней район. Продажа от собственника.",-,-,no,-,{}
Арендный бизнес (офисные помещения 263.7 м²),9600000,https://www.avito.ru/samara/kommercheskaya_nedvizhimost/arendnyy_biznes_ofisnye_pomescheniya_263.7_m_2867435815,"! Г О Р Я Ч Е Е П Р Е Д Л О Ж Е Н И Е М Е С Я Ц А! Только сейчас и в этом месяце! Стоимость 9 600 000 р. (36 405р/м2) действует до 30.12.2023 г. Продается нежилое помещение 263,7 кв. М, как арендный бизнес или под офис компании в г. Самара на первой линии ул. Ново-Вокзальная,116. Пересечение Ново-вокзальная//Стара-Загора. Помещение расположено в административном трехэтажном здании на 3-м этаже с отдельным входом в офисное крыло. Состоит из 9 кабинетов с разной площадью от 12 кв. М до 29 кв. М. Все кабинеты с ремонтом. Высота потолков -3,3 м. Санузел на этаже. Уборка проводится по графику. Здание находиться под охраной. Есть возможность размещения рекламы на фасаде. Большая парковка во дворе здания. Окупаемость помещения 9,5 лет. Все кабинеты в аренде и приносят хороший ежемесячный доход. Возможно, рассмотреть покупку под свой собственный бизнес. Звоните, пишите, с удовольствием ответим на все Ваши вопросы!",-,-,no,-,{}
Арендный бизнес на 1 линии. Парковка у входа,5200000,https://www.avito.ru/samara/kommercheskaya_nedvizhimost/arendnyy_biznes_na_1_linii._parkovka_u_vhoda_2911660193,"Адрес: г. Самара. Октябрьский район, ул. Московское шоссе, 126а. Ближайшее пересечение с улицей 22 партсъезда. Общая площадь: 38,2 кв. М. Этаж/этажность: 1/1. Назначение здания: нежилое. - Отдельный вход с Московского шоссе. - Окна выходят: на улицу. - Парковка перед входом. - Возможность разгрузки грузовых машин. - Место под рекламу на фасаде помещения. Высота потолков: 2,6 м. Планировка: торговый зал, кабинет, санузел. Выделенная мощность: 15 квт. В ближайшем окружении располагаются: Парк Гагарина, Парк Хаус, туристический магазин, свадебный салон, Гибдд, автосервисы, колледж. В настоящий момент помещение сдано в аренду и приносит стабильный доход. Стоимость продажи: 5 200 000 рублей (136 000 р. /кв. М). Емельянов Артём. Без какой либо комиссии для покупателя!",-,-,no,-,{}
Двухэтажное офисное помещение в центре города,6500000,https://www.avito.ru/samara/kommercheskaya_nedvizhimost/dvuhetazhnoe_ofisnoe_pomeschenie_v_tsentre_goroda_3039188532,"Адрес: г. Самара, Ленинский район, улица Осипенко, д. 39. Ближайшее пересечение с улицей Чернореченская. Общая площадь: 85 кв. М. Общая площадь 1 этажа 55 кв. М. Общая площадь цоколя 30 кв. М. Высота потолков: 2,5 м. Этаж/этажность: 1/10. Назначение помещения: нежилое. Кабинетная система, (возможна перепланировка). Ремонт в помещении: пол — линолеум ; стены — покраска; потолок: — натяжной и арм-стронг. Окна выходят в большой проходимый двор высотных домов. Большое наличие парковочных мест, большой пешеходный трафик. В цокольном этаже имеется окно в приямке с естественным светом. Входная группа располагается во дворе, через подъезд. Возможна реклама на фасаде. Инфраструктура: офисные помещения, салон красоты, тату салон, аптека «Вита» и др. Возможное использование: офис, магазин, салон красоты, стоматология, детский клуб. Стоимость: 6 500 000 руб. (76 470 руб. /кв. М.). Без какой либо комиссии для покупателя! Сенилов Максим.",-,-,no,-,{}
"Склад, 69 м²",550000,https://www.avito.ru/samara/kommercheskaya_nedvizhimost/sklad_69_m_3512104989,"Собственник продаст помещение под склад, небольшое производство или офис. Отдельный вход, асфальтированная территория. Земля в аренде. Автономное отопление (газ), электричество. Перегородки при необходимости убираются. Разумный обоснованный торг.",-,-,no,-,{}
Продажа 63м2 отдельный вход,3600000,https://www.avito.ru/samara/kommercheskaya_nedvizhimost/prodazha_63m2_otdelnyy_vhod_3253106612,"Продается помещение с отдельным входом 63 кв. М., в цокольном этаже одноэтажного здания по адресу: Самара, Самарский район, ул. Молодогвардейская, 116. От собственника, без комиссии. Основные характеристики и преимущества помещения: - в собственности, свидетельство (нежилое помещение); - отдельный вход; - цоколь с полноценными окнами (4 окна). - располагается в близи от остановок общественного транспорта, на пересечении улиц Молодогвардейская/Льва Толстого/Некрасовская/Чапаевская; -деловой, исторический центр города; -в непосредственной близости от Набережной р. Волга; - доступ 24/7; - кондиционеры; - сан узел; - косметический ремонт: полы паркет, потолки армстронг 2,0 -2,5 м, стены под покраску; -помещение с арендатором; Стоимость помещения 3 600 000 руб. По всем вопросам можете обратиться к специалисту. Яговитова Анастасия. «Регион Бизнес Недвижимость». Арт. 50887858.",-,-,no,-,{}
"Помещение свободного назначения, 178.7 м²",950000,https://www.avito.ru/samara/kommercheskaya_nedvizhimost/pomeschenie_svobodnogo_naznacheniya_178.7_m_1959061968,"Подвальное помещение, черновая отделка.",-,-,no,-,{}
Свободного назначения с отдельным входом,4200000,https://www.avito.ru/samara/kommercheskaya_nedvizhimost/svobodnogo_naznacheniya_s_otdelnym_vhodom_3889945106,"Продается помещение свободного назначения, 22 кв. М. Ремонт, вложений не требует. Возможность размещения рекламной вывески. Выделенная мощность электричества=380 Квт. Изолированный вход со стороны улицы, доступ 24/7. Пожарная и охранная сигнализация. Вода холодная/горячая, санузел.",145,сегодня в 07:13,Компания,-,"{'вход': 'с улицы', 'общая площадь': '22 м²', 'этаж': '1', 'отделка': 'чистовая', 'тип сделки': 'продажа'}"
"Свободного назначения, 136.6 м²",2600000,https://www.avito.ru/samara/kommercheskaya_nedvizhimost/svobodnogo_naznacheniya_136.6_m_3457070367,"Продаю помещение на цокольном этаже жилого дома 136,6 м2, два отдельных входа, ранее это помещение занимало Жко, единый зал 83м2, остальное подсобные помещения, требует ремонта, в помещении в данный момент заложены окна, но есть возможность их заново сделать. Весь цокольный этаж занимают нежилые помещения.",1213,сегодня в 10:05,Частное лицо,-,"{'вход': 'со двора', 'общая площадь': '136.6 м²', 'этаж': 'цокольный', 'высота потолков': '2.6 м', 'отделка': 'без отделки', 'отопление': 'центральное', 'тип сделки': 'продажа'}"
Продается помещение 324 кв м,9720000,https://www.avito.ru/samara/kommercheskaya_nedvizhimost/prodaetsya_pomeschenie_324_kv_m_3317362191,"Продается помещение свободного назначения с отдельным входом 324 кв. М., в цокольном этаже 12-этажного жилого дома по адресу: Самара, Красноглинский район, ул. Солдатская, 10. От собственника, без комиссии. Основные характеристики и преимущества помещения: - в собственности, свидетельство (нежилое помещение); - отдельный вход; - располагается на пересечении улиц Солдатская/Парижской Коммуны; - 1 линия, пешеходный и автомобильный трафик; -в непосредственной близости Магнит, Пятерочка, школа, Смоленская церковь, салоны, клиника ; - пожарная и охранная сигнализация; - хол. Водоснабжение, сан узел; - в отличном состоянии: полы плитка, потолки армстронг 2,8 м, стены покрашены, пластиковые окна; - доступ 24/7; -мощность 8,5 квт; - занято арендаторами; Стоимость помещения 9 720 000 руб. По всем вопросам можете обратиться к специалисту. Яговитова Анастасия. «Регион Бизнес Недвижимость». Арт. 52840030.",263,сегодня в 08:12,Компания,-,"{'вход': 'с улицы', 'общая площадь': '324 м²', 'этаж': 'цокольный', 'высота потолков': '2.8 м', 'отделка': 'офисная', 'тип сделки': 'продажа'}"
"Свободного назначения, 180 м²",10000000,https://www.avito.ru/samara/kommercheskaya_nedvizhimost/svobodnogo_naznacheniya_180_m_3465138871,"Продается универсальное помещение 180м2 под любой вид деятельности. Два отдельных входа. Торговый зал 100м2. Ремонт, промышленная вентиляция. Выделенная мощность 23квт 380в. Большая бесплатная парковка. В данный момент помещение используется для пищевого производства. Низкие коммунальные платежи.",310,9 ноября в 16:19,Частное лицо,-,"{'вход': 'с улицы', 'отдельный вход': 'есть', 'общая площадь': '180 м²', 'этаж': 'цокольный', 'высота потолков': '3.2 м', 'отделка': 'чистовая', 'мощность электросети': '23 квт, можно увеличить', 'отопление': 'центральное', 'тип сделки': 'продажа', 'арендаторы': 'помещение сдано'}"
"Свободного назначения, 216.3 м²",2500000,https://www.avito.ru/samara/kommercheskaya_nedvizhimost/svobodnogo_naznacheniya_216.3_m_3305316822,"Продается универсальное нежилое помещение в престижном-деловом центре города. Рядом расположены остановки общественного транспорта, офисы компаний, парк Щорса, Цум Самара, трк Гудок, ТЦ Триумф, губернский рынок, бутики, рестораны, т. Д. Отдельный вход со двора, удобная планировка. Все коммуникации. Пол — керамогранит, стены -дикий камень, приточная и вытяжная вентиляция с выходом на крышу. В доме произведен капитальный ремонт, все коммуникации новые. Я собственник. Убедительная просьба, тк данное предложение в сверх низкой ценовой категории и кажется, что доступно каждому, все же адекватно взвесить свои финансовые возможности. И если их нет, то не тратить мое время с посмотреть ради посмотреть.",7357,8 ноября в 09:41,Компания,-,"{'вход': 'со двора', 'отдельный вход': 'есть', 'общая площадь': '216.3 м²', 'этаж': 'подвальный', 'высота потолков': '2.4 м', 'отделка': 'офисная', 'тип сделки': 'продажа'}"
"Готовый бизнес, окупаемость 6 лет",8249800,https://www.avito.ru/samara/kommercheskaya_nedvizhimost/gotovyy_biznes_okupaemost_6_let_2690739995,"119000 рублей чистая прибыль в месяц! Окупаемость 5,5 лет! Халява! Собственник! Срочно! Документы в порядке! 31000 м2. Загрузка 100 %. Кадастровая стоимость 12 173 000 рублей! Нежилое помещение в 12-ти этажном 8-ми подъездном жилом доме с отдельным входом и свежим ремонтом в густонаселенном районе 260 м2 полностью загружено арендаторами, состоит из 13 кабинетов 7 из них с мокрыми точками. Под помещением имеется подвал! Туалет на этаже. Можно с Ндс!",5194,2023-12-06 10:27:00,Частное лицо,-,"{'вход': 'с улицы', 'общая площадь': '260 м²', 'этаж': '1', 'высота потолков': '3 м', 'отделка': 'офисная', 'мощность электросети': '60 квт, можно увеличить', 'отопление': 'центральное', 'тип сделки': 'продажа', 'арендаторы': 'помещение сдано'}"
Продам помещение с арендатором,4240000,https://www.avito.ru/samara/kommercheskaya_nedvizhimost/prodam_pomeschenie_s_arendatorom_1973388392,"Продается помещение свободного назначения, общей площадью 113 кв. М на 1 этаже 3-х этажного здания по адресу: Самарская обл. Г. Самара, ул. Утевская, ; От собственника, без комиссии. Основные характеристики и преимущества помещения: - в собственности, свидетельство (нежилое помещение); - 1 линия домов, отдельный вход с ул. Утевской; - удобное расположение высокий транспортный поток; - близость к помещениям промышленного назначения; - удобная асфальтированная автомобильная парковка для легкового и грузового транспорта; - состоит из нескольких помещений, различной планировки ; - высота потолка 2,7м; - все коммуникации, санузел; - автономное энергоснабжение; - возможность перепланировки; - разрешённая мощность 15 квт; - высокие рекламные возможности — размещение рекламы согласно законодательству РФ; - качественный, новый ремонт, в зале пол — плитка. Цена 4 240 000 руб. За обьект. Идеально подходит для получения пассивного дохода, а также для размещения общепита, кафе, офиса, торговли любой товарной группой. Александр. Арт. 19361362.",6167,2023-12-06 08:22:00,Компания,-,"{'вход': 'с улицы', 'общая площадь': '113 м²', 'этаж': '2', 'отделка': 'офисная', 'тип сделки': 'продажа'}"
"Ангар 450 кв. м, зу 1068 кв.м",9000000,https://www.avito.ru/samara/kommercheskaya_nedvizhimost/angar_450_kv._m_zu_1068_kv.m_2165010375,"Продается база 1068 кв. М с ангаром арочного типа. По адресу: г. Самара, Железнодорожный район, ул. Степана Халтурина 8, район завода «Рейд». От собственника, без комиссии. Основные характеристики: - свидетельство на право собственности; - расстояние до железнодорожного вокзала 500 метров; - удобные подъездные пути с ул. Степана Халтурина; - прилегающая территория огорожена, площадь 1068 кв. М. ; -ангар арочного типа 450 кв. М. - размеры ангара: 15м х30м; - в ангаре имеются офисно-бытовые помещения площадью 24 кв. М. ; - двое ворот в торцевых частях ангара 4,3(в)м х 4,0м; - высота потолков до 7 м. ; - полы бетонные с антипыльным корундовым покрытием; - отопление газовое, осуществляется двумя котлами типа Vega Ксг-31, мощностью 31 квт каждый; - проведена замена базальта в сендвич панелях с проверкой тепловизором; - водоснабжение скважина; - электрические мощности 100 квт; - место для разгрузочно-погрузочных работ; - отдельные ворота для въезда на территорию; - территория отсыпана щебнем; - есть возможность для манёвров большегрузного транспорта, достаточное место для парковки; - на прилегающей территории имеется блок — контейнер, размерами: шхдхв (м) — 2,5х6х2,5. Стоимость продажи комплекса 9 000 000 руб. По всем вопросам можете обращаться к вашему персональному агенту: Колеганов Андрей. «Регион Бизнес Недвижимость». От собственника. Без комиссии. Арт. 19372652.",2696,2023-12-06 08:22:00,Компания,-,"{'вход': 'с улицы', 'общая площадь': '1068 м²', 'этаж': '1', 'высота потолков': '7 м', 'отделка': 'без отделки', 'тип сделки': 'продажа'}"
"Торговая площадь, 115.7 м²",3867717,https://www.avito.ru/samara/kommercheskaya_nedvizhimost/torgovaya_ploschad_115.7_m_3666514145,"Пpедлaгается к пpoдаже торговое помещение по aдpecу: г. Самара, Куйбышевский р-н, Пугачевский тракт, д. 57. Объект pеaлизуeтcя в рамкaх ФЗ -127 «О нecостоятeльноcти (бaнкpотcтве)! ». Указана начальная цена на Аукционе — цена на повышение! Заявки по торгам принимаются до 06.12.2023 г.! Ипоteка, Oбmeн, Торг нe рaccматриваютcя! — Общая плoщадь: 115,7 кв. М. — 1 Этаж. — В настоящее время помещение используется под магазин. — Пoсмотреть можно по договоренности. Звоните сейчас, пока предложение актуально! Оплата основной части производится в течение 30 дней! Сделки с банкротным имуществом регламентируются Федеральным законом. Гарантом безопасности сделки выступает государство. Наша компания имеет аккредитацию практически на всех электронных площадках по банкротству и более 10 лет профессионально занимается торгами по продаже имущества должников (банкротов). Выполним для Вас всю техническую работу для 100% допуска Вашей заявки к торгам! Сопровождение до регистрации права собственности. Для инвесторов: подбор любых интересующих Вас объектов среди имущества должников и банкротов по ценам ниже рынка до 90% — от квартир, офисов и торговых площадей до заводов и Торговых Центров по всей территории РФ; подбор торговых площадей с действующими арендаторами ( в том числе федерального уровня). Если Вы самостоятельно нашли интересующий Вас объект — мы поможем собрать пакет документов и подать заявку на участие в торгах. При этом Вам не нужно будет проходить аккредитацию и регистрироваться на Этп. По всем вопросам просьба звонить по указанному номеру телефона с 8:00 до 17:00 по московскому времени.",770,2023-11-30 09:15:00,Компания,-,"{'вход': 'с улицы', 'отдельный вход': 'есть', 'общая площадь': '115.7 м²', 'этаж': '1', 'отделка': 'чистовая', 'отопление': 'центральное', 'тип сделки': 'продажа'}"
"Склад, 21.8 м²",580000,https://www.avito.ru/samara/kommercheskaya_nedvizhimost/sklad_21.8_m_2965724783,"Продается универсальное помещение свободного назначения на цокольном этаже, сухое, теплое, вентилируемое, светлое с высокими потолками, подойдет под кладовку, мастерскую, производство. Вход со двора.",1426,2023-12-01 16:22:00,Частное лицо,-,"{'вход': 'со двора', 'общая площадь': '21.8 м²', 'этаж': 'цокольный', 'высота потолков': '4.5 м', 'отделка': 'без отделки', 'мощность электросети': '15 квт', 'отопление': 'нет', 'тип сделки': 'продажа'}"
"Офис, 29.7 м²",1990000,https://www.avito.ru/samara/kommercheskaya_nedvizhimost/ofis_29.7_m_2756272697,"Продаётся офисное помещение (кабинет) на 4-ом этаже 4-х этажного офисного здания общей площадью 29,7 м2. Один взрослый собственник. Металлическая дверь. Кабинетная система, (вахта — охрана), пластиковые окна, сплит-система, туалет на этаже. Просмотр возможен в любой день. Хорошие подъездные пути, рядом метро. Быстро развивающийся район!",852,2023-11-30 16:05:00,Частное лицо,-,"{'общая площадь': '29.7 м²', 'этаж': '4', 'высота потолков': '3.5 м', 'отделка': 'офисная', 'планировка': 'кабинетная', 'тип сделки': 'продажа'}"
"Продам складское помещение, 491.4 м²",3650000,https://www.avito.ru/samara/kommercheskaya_nedvizhimost/prodam_skladskoe_pomeschenie_491.4_m_3611630403,"Продается складское помещение (Ангар) площадью 491,4 кв. М. (в собственности) на земельном участке площадью 1494 кв. М. (в аренде, можно выкупить) 116 км, Гаражный проезд 8. Помещение располагается на территории базы, охрана и доступ 24/7. Помещение имеет размеры строения 30мХ16,3м, высота потолка 7м, двое въездных ворот высотой около 3 метров, полы помещения заасфальтированы. В помещение заведено электричество и отопление. Есть электричество мощностью 15 квт(можно увеличить) и напряжение электрической сети 380 Вольт. Подъездные пути до ворот- везде асфальт. Звоните, покажем в удобное для вас время!",1263,2023-11-16 18:35:00,Компания,-,"{'вход': 'с улицы', 'общая площадь': '491.4 м²', 'этаж': '1', 'отделка': 'офисная', 'тип сделки': 'продажа'}"
"Офис, 109.5 м²",7000000,https://www.avito.ru/samara/kommercheskaya_nedvizhimost/ofis_109.5_m_3395443391,"Продаётся офисное помещение. Отдельный вход со двора. Просторные светлые комнаты. Есть кухня, санузел. Во дворе парковка. Торг.",643,2023-11-22 10:46:00,Компания,-,"{'общая площадь': '109.5 м²', 'этаж': '1', 'высота потолков': '2.5 м', 'отделка': 'офисная', 'планировка': 'кабинетная', 'тип сделки': 'продажа'}"
"Торговая площадь, 40.7 м²",5100000,https://www.avito.ru/samara/kommercheskaya_nedvizhimost/torgovaya_ploschad_40.7_m_3404867451,"Общая площадь 40,7 кВ. М., первый этаж трёх этажного дома. Высота потолков 2,7 метра. Был сделан качественный ремонт, замена всех труб включая канализацию во всем подъезде, так же новая электрика вплоть до замены входящего провода от станции до подъезда, залиты метровые полы 300 бетоном. По электрике: 12 розеток по периметру помещения. 1 точка под кондиционер, 3 точки под автоматические ролл ставни, 1 точка под вывеску с улицы рекламы, 1 точка под водонагреватель. Аллюминевые широкие входные двери. Входная группа (крыльцо), в т. Ч. Для колясок. Потолки Армстронг, лэд светильники, полы керамогранит 120*60. Ремонт тока закончили. Можно объединить для увеличения площади соседнее помещение будет 83 кВ. М. Реальным покупателям возможен торг.",173,2023-11-28 10:40:00,Частное лицо,-,"{'вход': 'с улицы', 'отдельный вход': 'есть', 'общая площадь': '40.7 м²', 'этаж': '1', 'высота потолков': '2.7 м', 'отделка': 'чистовая', 'мощность электросети': '5 квт, можно увеличить', 'отопление': 'центральное', 'тип сделки': 'продажа'}"
Готовый арендный бизнес с К&Б,8099000,https://www.avito.ru/samara/kommercheskaya_nedvizhimost/gotovyy_arendnyy_biznes_s_kb_3043160233,"Продается торговое помещение на 1-ой линии. Долгосрочный арендатор — сеть«Красное&Белое». Расположено в выгодной локации — перекресток пр. Кирова/Юных пионеров. В шаговой доступности различные магазины, салоны, пункты выдачи заказов, банки и т. Д. Договор аренды заключён на 15 лет до 2037 года. Удачное вложение в арендный бизнес. Стабильный доход, коммунальные услуги оплачиваются арендатором отдельно. В помещении сделан новый ремонт согласно бренду сети. Установлены кондиционеры. 2 отдельных входа. Удобная открытая планировка. Выделенная мощность 15квт. Торг уместен.",5569,2023-11-15 05:30:00,Частное лицо,-,"{'вход': 'с улицы', 'отдельный вход': 'есть', 'общая площадь': '87.6 м²', 'этаж': '1', 'высота потолков': '3.2 м', 'отделка': 'чистовая', 'мощность электросети': '15 квт', 'отопление': 'центральное', 'тип сделки': 'продажа', 'арендаторы': 'помещение сдано'}"
"Склад, 390 м²",5900000,https://www.avito.ru/samara/kommercheskaya_nedvizhimost/sklad_390_m_3621038406,"Подвальное помещение. Отдельный вход, отопление центральное, вода, свет, все коммуникации, парковка. Имеются несколько арендаторов на часть помещений, возможна продажа с арендаторами. Все обсуждается, дополнительная информация по телефону.",222,2023-11-26 09:46:00,Частное лицо,-,"{'вход': 'с улицы', 'отдельный вход': 'есть', 'общая площадь': '390 м²', 'этаж': 'подвальный', 'высота потолков': '2.8 м', 'отделка': 'без отделки', 'отопление': 'центральное', 'тип сделки': 'продажа'}"
"Свободного назначения, 58.7 м²",3800000,https://www.avito.ru/samara/kommercheskaya_nedvizhimost/svobodnogo_naznacheniya_58.7_m_3548286690,"Продам помещение под любой вид деятельности (офис, салон красоты и т. Д.) площадью 58,7 кв. М. Черновая отделка. 2 этаж, вход через подъезд, 2 лифта, окна на две стороны (во двор и на улицу Буянова). Центр города. Рядом остановка общественного транспорта, Магнит. Возможен обмен. Собственник. Кадастровый номер 63:01:0102002:1559.",203,2023-11-29 19:39:00,Компания,-,"{'вход': 'со двора', 'общая площадь': '58.7 м²', 'этаж': '2', 'высота потолков': '2.5 м', 'отделка': 'без отделки', 'отопление': 'центральное', 'тип сделки': 'продажа'}"
"Торговая площадь, 120 м²",5950000,https://www.avito.ru/samara/kommercheskaya_nedvizhimost/torgovaya_ploschad_120_m_3455622489,"Продается универсальное помещение: Адрес: г. Самара, Самарский район, ул. Чапаевская 36. Цоколь с окнами, чистое светлое помещение. B истoричeском цeнтре гopoдa. Рядом развязка фрунзенского моста. Общая площадь: 120кв. М. Этаж/этажность: -1/9. Высота потолков 3м. Выделенная мощность 15квт, 3 фазы, возможно увеличение. Место под рекламу на фасаде помещения; Свободная планировка. Имеется: Видеонаблюдение, противопожарная система безопасности. Ближайшем окружении расположены: Баня №1, Сто, Вкусная лавка, горилка и т. Д. Возможное использование: магазин, аптека, офис, салон красоты и т. Д. Стоимость помещения: 5 950 000 рублей. Без какой либо комиссии для покупателя! Епишев Эрнэст.",18,2023-12-06 11:45:00,Компания,-,"{'вход': 'с улицы', 'отдельный вход': 'есть', 'общая площадь': '120 м²', 'этаж': 'цокольный', 'высота потолков': '3 м', 'отделка': 'офисная', 'мощность электросети': '15 квт', 'отопление': 'центральное', 'тип сделки': 'продажа'}"
"Офис, 72 м²",6800000,https://www.avito.ru/samara/kommercheskaya_nedvizhimost/ofis_72_m_3438582781,"Продается помещение 72 кв. М., под офис, магазин, склад 1 этаж, отдельный вход, тамбур, 3 комнаты, санузел. Большая комната- 40 кв. М. Сигнализация, пластиковые окна, сплит система, датчики объема. Нежилой фонд. Прямой договор с собственником без посредников, без комиссии. Схема помещения во вложении. Осмотр в любой день по договоренности.",472,2023-11-27 15:47:00,Компания,-,"{'общая площадь': '72 м²', 'этаж': '1', 'высота потолков': '2.6 м', 'отделка': 'офисная', 'планировка': 'кабинетная', 'тип сделки': 'продажа'}"
"Арендный бизнес напротив ""Вкусно и точка""",1900000,https://www.avito.ru/samara/kommercheskaya_nedvizhimost/arendnyy_biznes_naprotiv_vkusno_i_tochka_3455205131,"Г. Самарa. Октябpьский р-он, ул. Центрaльная 1, ближaйшее пересeчение c Mocкoвским шосce. Oбщая площaдь: 35 кв. М. Этaж/этaжнoсть: -1/18. Выдeлeннaя мoщнocть: 4кbт. Нaзначениe пoмещeния: нeжилоe. Высoтa пoтoлков: 2.4м. Планирoвкa: 1 кабинeт, мoкрая точка, свой caнузeл. Пoжapнaя cигнaлизaция. Паpкoвка для клиентов, круглосуточный доступ. Помещение расположено рядом со входом в пятёрочку. Рядом располагается центральный автовокзал. Хороший пешеходный и автомобильный трафик. В помещении стабильный арендатор. Стоимость продажи 1 900 000 рублей. Без какой либо комиссии для покупателя! Романов Антон.",263,2023-11-30 09:33:00,Компания,-,"{'вход': 'с улицы', 'отдельный вход': 'есть', 'общая площадь': '35 м²', 'этаж': 'цокольный', 'высота потолков': '2.4 м', 'отделка': 'офисная', 'мощность электросети': '5 квт', 'отопление': 'центральное', 'тип сделки': 'продажа', 'арендаторы': 'помещение сдано'}"
"Свободного назначения, 160.7 м²",8950000,https://www.avito.ru/samara/kommercheskaya_nedvizhimost/svobodnogo_naznacheniya_160.7_m_3501037111,"От собственника! Без комиссии! - Продается помещение свободного назначения 160,7 кв. М. В жилом доме на ул. Водников. Д. 20, пересечение с ул. Крупской. - 1линия домов. - Отдельный вход с ул. Крупской. - Помещение состоит из четырех залов. - Высокий цокольный этаж. - Место под вывеску на фасаде здания. - Парковка во дворе здания. - Удобные подъездные пути. - Высота потолков 3,2м. - Ремонт: пол -керамогранит, стены под подкраску, потолок армстронг, светодиодное освещение. - Установлены решетки на всех окна. - Свой санузел. - Все центральные коммуникации, своя котельная. - Установлены охранная и противопожарная сигнализации. - Над помещением расположен нежилой этаж. - Остановка общественного транспорта в 50 м. Рядом расположены ТЦ стройдом, множество строительно-торговых компаний, речной вокзал. По просмотру звоните заранее, чтобы договориться об удобном времени и обеспечить. Доступ к помещению. Наталья Г.",127,2023-12-04 10:02:00,Компания,-,"{'вход': 'с улицы', 'отдельный вход': 'есть', 'общая площадь': '160.7 м²', 'этаж': 'цокольный', 'высота потолков': '3.2 м', 'отделка': 'чистовая', 'мощность электросети': '15 квт', 'отопление': 'центральное', 'тип сделки': 'продажа'}"
Офис на Буянова,8100000,https://www.avito.ru/samara/kommercheskaya_nedvizhimost/ofis_na_buyanova_3092807850,"Продается офисное помещение в административном здании на первой линии ул. Буянова. Помещение расположено в густозаселенном микрорайоне города, в шаговой доступности от остановок общественного транспорта, супермаркета «Пятерочка», магазина Красное и Белое, Губернского рынка и многих других объекты инфраструктуры. Помещение расположено на втором этаже здания, внутри свободная планировка, большие, светлые окна, сделан косметический ремонт, все коммуникации центральные. Объект прекрасно подойдет для размещения офиса собственной компании, а также может рассматриваться как вложение средств в арендный бизнес.",549,2023-12-02 23:18:00,Компания,-,"{'общая площадь': '97.7 м²', 'этаж': '2', 'высота потолков': '3 м', 'отделка': 'офисная', 'планировка': 'открытая', 'тип сделки': 'продажа'}"
ПСН 252 м2 на ул Ленинской,8500000,https://www.avito.ru/samara/kommercheskaya_nedvizhimost/psn_252_m2_na_ul_leninskoy_2933639597,"Продажа помещение 252 кв. М под хостел, офис, услуги. В жилом 8-ми этажном доме по адресу: г. Самара, ул. Ленинская,43. От собственника, без комиссии. Основные характеристики: -большое количество сан. Узлов (5 шт), душевые кабины (4 шт); - кабинетная система (6 шт), возможно разделение на 2 зоны с отдельными сан. Узлами, все комнаты с большими окнами; - есть помещение с кухонной зоной; - высота потолков -3м. Полы плитка, cтены покраска и обои; - над помещением расположен нежилой, коммерческий этаж; - все коммуникации, эл. Мощность 15 квт; - установлены пожарная и охранная сигнализации, энергосберегающее освещение; - расположено на цокольном этаже, с окнами; - первая линия ул. Ленинской, вход со двора здания; - удобные подъездные пути, возможность парковки во дворе под шлагбаумом, хорошая транспортная развязка, высокий трафик; - историческая часть города, рядом находится здание Кадастровой палаты Самарской, остановки муниципального транспорта. Цена 8 500 000 рублей. Андрей Колеганов. «Регион Бизнес Недвижимость». От собственника. Без комиссии. Арт. 42921090.",845,2023-12-06 08:22:00,Компания,-,"{'вход': 'со двора', 'отдельный вход': 'есть', 'общая площадь': '252 м²', 'этаж': 'цокольный', 'отделка': 'офисная', 'тип сделки': 'продажа'}"
Автомобильная мойка с оборуд. +кафе,4300000,https://www.avito.ru/samara/kommercheskaya_nedvizhimost/avtomobilnaya_moyka_s_oborud._kafe_3413499192,"Продается автомобильная мойка, площадью 100 кв. М., находящаяся на земельном участке 523 кв. М. По адресу: РФ, Самарская обл. Г. Самара, ул. Кабановская, От собственника, без комиссии. Основные характеристики и преимущества земельного участка: - в собственности, свидетельство, выписка из Егрп; - участок ровный, прямоугольный, огороженный металлическим забором, с большими воротами, с возможностью въезда грузового транспорта; - 1 линия, рядом Азс, остановка общественного транспорта; - на территории земельного участка располагаются: автомобильная мойка на два авто, полностью оборудованная; - кафе, площадью 60 кв. М. ; - удобное расположение — постоянный транспортный поток; - высокие рекламные возможности — размещение рекламы согласно законодательству РФ; Цена 4 300 000 руб. Идеально подходит для размещения денежных средств в готовый бизнес. Возможен обмен на другую недвижимость. Александр. От собственника. Без комиссии. Арт. 19368260.",118,2023-12-06 15:20:00,Компания,-,"{'вход': 'с улицы', 'общая площадь': '100 м²', 'этаж': '1', 'высота потолков': '3 м', 'отделка': 'без отделки', 'тип сделки': 'продажа'}"
"Арендный бизнес, со стабильным доходом",2500000,https://www.avito.ru/samara/kommercheskaya_nedvizhimost/arendnyy_biznes_so_stabilnym_dohodom_3294911763,"Продается торговое помещение на въезде в ЖК Центральный. Адрес: г. Самара. Октябрьский район, ул. Центральная, 1. Ближайшее пересечение с Московским шоссе. Общая площадь: 41,5 кв. М. Этаж/этажность: -1/16. Над помещением располагается нежилой этаж. - Отдельный вход с торца дома. - Место под рекламу на фасаде помещения: отдельная выносная конструкция, баннер над входом, реклама на торце дома. Высота потолков: 2,7 м. Планировка: коридор, зал, санузел. Выделенная мощность: 15 квт. Ремонт в помещении: пол- плитка, стены-декоративная штукатурка, потолок-натяжной; освещение: точечное светодиодное. В ближайшем окружении располагаются: остановки, район плотной многоэтажной застройки, парковка, Пятерочка, Макдоналдс, центральный автовокзал, студия красоты, детский клуб, ателье, стоматология, курьерская служба, Азс, автомойка, цветы. В настоящий момент помещение сдано в аренду и приносит стабильный доход. Стоимость продажи: 2 500 000 рублей (60 241 р. /кв. М). Услуги для покупателя бесплатны. Емельянов Артём.",2232,2023-11-24 10:14:00,Компания,-,"{'вход': 'с улицы', 'отдельный вход': 'есть', 'общая площадь': '41.5 м²', 'этаж': 'цокольный', 'высота потолков': '2.7 м', 'отделка': 'офисная', 'мощность электросети': '15 квт', 'отопление': 'центральное', 'тип сделки': 'продажа'}"
"Универсальное помещение, 31 м²",1600000,https://www.avito.ru/samara/kommercheskaya_nedvizhimost/universalnoe_pomeschenie_31_m_3738312720,"Номер объекта: 90791. Менеджер объекта: Ильмушкина Надежда. Продается универсальное помещение общей площадью 31 м2 по адресу г. Самара, Волгарь, ул. Казачья 28. В помещении выполнен качественный ремонт. Установлена охранная сигнализация. Свободная планировка, при желании можно зонировать пространство. Удобное расположение с хорошим внутриквартальным трафиком, имеется стоянка, есть возможность размещения наружной рекламы. Отлично подойдет под Бьюти сферу, Озон, аптеку, торговую и образовательную деятельность. Торг уместен!",78,2023-12-01 13:52:00,Компания,-,"{'вход': 'с улицы', 'общая площадь': '31 м²', 'этаж': 'цокольный', 'отделка': 'офисная', 'тип сделки': 'продажа'}"
Арендный бизнес на 1 линии,7600000,https://www.avito.ru/samara/kommercheskaya_nedvizhimost/arendnyy_biznes_na_1_linii_3454742767,"Продается Торговая площадь на 1-й линии. Г. Самара, Октябрьский район, пр. Масленникова, д.18. Ближайшее пересечение с ул. Гая. Продается нежилое помещение общей площадью: 74,8кв. М. Расположенное на 1 этаже 4-х этажного дома. Высота потолков: 3,5 м. Над помещением располагается жилой этаж. Помещение свободного назначения. Помещение имеет отдельный вход. Хорошая видимость с дороги. Окна выходят: на улицу. Возможность разгрузки грузовых машин. Место под рекламу на фасаде помещения: отдельная выносная конструкция или баннеры над входом или окнах. В помещении есть охранная и пожарная сигнализация. Планировка: торговый зал площадью 50 кв. М., складское-подсобное помещение 24,8 кв. М., санузел. Выделенная мощность: 15 квт. Есть возможность увеличения. Ремонт в помещении: пол — плитка, стены — окрашены, потолок армстронг. Развитая инфраструктура, близость остановок автотранспорта. В ближайшем окружении: Магнит, Красное и Белое, Фасоль, магазины, салон красоты. Помещение находится у нового жилого комплекса Панова Парк. Помещение продается с арендаторами. Возможное использование: любой вид деятельности, торговлю, салон красоты, офис, дошкольное образование и тд. Стоимость: 7 600 000 рублей. Без какой либо комиссии для покупателя! Дёмин Роман.",43,2023-12-06 13:16:00,ГК Визит,-,"{'вход': 'с улицы', 'отдельный вход': 'есть', 'общая площадь': '75 м²', 'этаж': '1', 'высота потолков': '3.5 м', 'отделка': 'офисная', 'мощность электросети': '15 квт', 'отопление': 'центральное', 'тип сделки': 'продажа', 'арендаторы': 'помещение сдано'}"
Помещение на въезде в Волгарь,2300000,https://www.avito.ru/samara/kommercheskaya_nedvizhimost/pomeschenie_na_vezde_v_volgar_3007177571,"Продается нежилое помещение. Г. Самара, Куйбышевский район, ул. Парниковая, д.1. Ближайшее пересечение с ул. Казачья. Помещение находится на 1-й линии. Общая площадь: 160 кв. М. Помещение расположенное на цокольном этаже 10-и этажного здания. Над помещением нежилой этаж. Назначение помещения нежилое. Доступ в помещение осуществляется 24/7. Возможность разгрузки грузовых машин: газелей. Есть место для парковки. Место под рекламу на фасаде здания отдельная выносная конструкция/баннеры над входом. Высота потолков: 3,5 м. Планировка кабинетная, состоящая из трех помещений, свой санузел. Есть возможность перепланировки. Выделенная мощность: 15 квт., есть возможность увеличения. Помещение без отделки. Хорошие подъездные пути, близость остановки общественного транспорта. В ближайшем окружении: Пятерочка, Фабрика качества, Служба доставки, Зоомагазин, Красное & Белое, Аптека Вита и тд. Возможное использование: офис, учебный центр, склад, производство. Стоимость: 2 300 000 рублей. Без какой либо комиссии для покупателя! Дёмин Роман.",1286,2023-12-06 12:04:00,ГК Визит,-,"{'вход': 'с улицы', 'отдельный вход': 'есть', 'общая площадь': '160 м²', 'этаж': 'цокольный', 'высота потолков': '3.5 м', 'отделка': 'без отделки', 'мощность электросети': '15 квт', 'отопление': 'центральное', 'тип сделки': 'продажа'}"
"Торговая площадь, 44.3 м²",7600000,https://www.avito.ru/samara/kommercheskaya_nedvizhimost/torgovaya_ploschad_44.3_m_3575523209,"Продается торговое помещение. Объект расположен на первом этаже многоквартирного жилого дома. Вход со стороны Проспекта Металлургов. Внутри сделан качественный ремонт: пол — плитка, потолок — Армстронг, есть санузел. Высота потолка 2,5 м. Установлен кондиционер. Выделенная электрическая мощность 5 квт. Установлена охранно-пожарная сигнализация, на окна смонтированы рольставни. На фасаде есть место для рекламы. На данный момент подписан арендатор — пункт выдачи «Max Market». Рядом расположены: пункты выдачи — «Яндекс», «kazanexpress», «Ozon». Аптеки — Мега. Цветочный салон, ортопедический салон. В радиусе 100 м: Пятерочка, Красное и белое, салон сотовой связи, пекарни, автошкола, остановка общественного транспорта «Дом молодежи» и т. Д. Нажмите на, чтобы не потерять это предложение и первым узнать о снижении цены. Звоните! С удовольствием ответим на все Ваши вопросы. Лайф Групп.",51,2023-12-06 10:13:00,Лайф Групп,-,"{'вход': 'с улицы', 'общая площадь': '44.3 м²', 'этаж': '1', 'отделка': 'офисная', 'тип сделки': 'продажа', 'арендаторы': 'помещение сдано'}"
"Продажа нежилого помещения 102,7 кв.м",6500000,https://www.avito.ru/samara/kommercheskaya_nedvizhimost/prodazha_nezhilogo_pomescheniya_1027_kv.m_4001950564,"Продается нежилое помещение на 1 линии ул. Волгина. Отдельный вход, ремонт, все коммуникации. Рядом расположены остановки общественного транспорта, Трк « Аврора», магазины формата стрит-ритейл. Высокий транспортный и пешеходный трафик. Удобные подъездные пути, парковка.",19,2023-12-06 16:52:00,АН «Пять звезд»,-,"{'вход': 'с улицы', 'общая площадь': '102.7 м²', 'этаж': '1', 'отделка': 'офисная', 'тип сделки': 'продажа'}"
Торговое помещение с отдельным входом в Волгаре,6500000,https://www.avito.ru/samara/kommercheskaya_nedvizhimost/torgovoe_pomeschenie_s_otdelnym_vhodom_v_volgare_3391529938,"Г. Самара, Куйбышевский район, ЖК Волгарь, бульвар Засамарская Слобода, 7. Помещение находится на пересечении бульвара Засамарская слобода и ул. Виталия Талабаева. Помещение расположено на 1 этаже 19-и этажного дома, в новом ЖК «артхолл» высокоэтажной застройки. Общая площадь 68 кв. М. Отдельный вход выходит на бульвар. Высота потолков 3,5 м. Выделенная мощность 15 квт. Помещение в черновой отделке. Выведены все коммуникации, есть разводка воды. Отопление центральное. Большая парковка перед зданием. Возможность разгрузки грузовых машин: газелей, камазов. Место под рекламу на фасаде помещения: отдельная выносная конструкция/баннеры над входом или окнах/реклама на торце дома. В ближайшем окружении расположены: Почта, Горилка, аптеки, салоны красоты и тд. Стоимость продажи: 6 500 000 рублей. Услуги для арендатора бесплатны. Ерошкин Сергей.",674,2023-12-04 09:04:00,ГК Визит,-,"{'вход': 'с улицы', 'отдельный вход': 'есть', 'общая площадь': '68 м²', 'этаж': '1', 'высота потолков': '3.5 м', 'отделка': 'без отделки', 'мощность электросети': '15 квт', 'отопление': 'центральное', 'тип сделки': 'продажа'}"
Первый этаж с отдельным входом на Дачной,120000,https://www.avito.ru/samara/kommercheskaya_nedvizhimost/pervyy_etazh_s_otdelnym_vhodom_na_dachnoy_3317641310,"Продажа помещения на первом этаже многоэтажного жилого дома по адресу — улица Дачная, 28, рядом с пересечениями с улицей Чернореченская и проспектом Карла Маркса. Вокруг многочисленные новые жилые многоэтажки, магазины, медицинские учреждения, офисы, детские сады и досуговые центры. Площадь 126,7 кв. М. Отдельный вход с Дачной. Планировка — два больших зала, небольшой кабинет и санузел. Помещение очень светлое, окна выходят частью на Дачную, частью во двор здания. Система пожарной и охранной сигнализации. Кондиционеры. Перед помещением большая парковка автомобилей, всегда есть свободные места. Помещение подойдет под размещение офиса, медицинского или детского учреждений, магазина. Есть возможность покупки соседнего помещения с отдельным входом сопоставимой площади. Цена 120 000 руб. /кв. М. Возможна покупка помещения в ипотеку!",1851,2023-11-29 11:33:00,РЕЗИДЕНЦИЯ НЕДВИЖИМОСТИ,-,"{'вход': 'с улицы', 'отдельный вход': 'есть', 'общая площадь': '126.7 м²', 'этаж': '1', 'высота потолков': '2.8 м', 'отделка': 'чистовая', 'мощность электросети': '10 квт, можно увеличить', 'отопление': 'центральное', 'тип сделки': 'продажа'}"
"Помещение с арендатором, 118.3 м²",6000000,https://www.avito.ru/samara/kommercheskaya_nedvizhimost/pomeschenie_s_arendatorom_118.3_m_3500739596,"От собственника! Без комиссии! Готовый Арендный Бизнес! Продается помещение с арендатором! 118,3 кв. М. В жилом доме на ул. Фрунзе д. 94В Готовый арендный бизнес хорошим сроком окупаемости! - Цоколь с окнами, отдельный вход с ул. Фрунзе. - Рекламный световой короб на ул. Фрунзе. - Парковка во дворе. - Высота потолков 2,3 м. - Установлены решетки на всех окнах. - Свой санузел. - Доступ 24/7. - Рядом остановка общественного транспорта. - Установлены охранная и противопожарная сигнализации. - Возможность перепланировки. Помещение отлично подойдет под любую офисную или торговую деятельность, косметологию, медицинские услуги, салон красоты, учебный центр. По просмотру звоните заранее, чтобы договориться об удобном времени и обеспечить доступ к помещению. По всем вопросам обращаться к представителю собственника: Наталья К.",209,2023-12-04 15:46:00,"ООО "" АРР """,-,"{'вход': 'с улицы', 'общая площадь': '118.3 м²', 'этаж': 'цокольный', 'высота потолков': '2.3 м', 'отделка': 'чистовая', 'тип сделки': 'продажа', 'арендаторы': 'помещение сдано'}"
"Офис, 31 м²",2550000,https://www.avito.ru/samara/kommercheskaya_nedvizhimost/ofis_31_m_3706366572,"Номер объекта: 67842. Менеджер объекта: Савкина Нина. Продается офисное помещение общей площадью 31 м2 с отдельным входом и железной дверью, с мебелью, холодильником, интернет проводной по рабочим местам(4точки) беспроводной роутер, есть возможность провести гор. Телефон. В помещении выполнен качественный ремонт, установлены окна Пвх. Свободная планировка, при желании можно зонировать пространство. Установлена охранная сигнализация. Удобное расположение и транспортная развязка, имеется стоянка, есть возможность размещения наружной рекламы. В шаговой доступности сетевые международные отели Ibis Hotel, Renaissance Hotel, Торговые Центры Апельсин, Мега Сити. Один собственник. Обременений нет.",153,2023-11-28 19:09:00,АН «Новая Жизнь»,-,"{'общая площадь': '31 м²', 'этаж': '1', 'отделка': 'офисная', 'планировка': 'кабинетная', 'тип сделки': 'продажа'}"
"Торговая площадь, 103 м²",6600000,https://www.avito.ru/samara/kommercheskaya_nedvizhimost/torgovaya_ploschad_103_m_3621360883,Продается помещение в ТЦ Охотный ряд. В собственности более 5 лет. Все вопросы в сообщениях или по телефону.,931,2023-11-25 17:16:00,Пользователь,-,"{'вход': 'с улицы', 'общая площадь': '103 м²', 'этаж': '2', 'отделка': 'чистовая', 'отопление': 'центральное', 'тип сделки': 'продажа'}"
"Продам помещение свободного назначения, 160 м²",8200000,https://www.avito.ru/samara/kommercheskaya_nedvizhimost/prodam_pomeschenie_svobodnogo_naznacheniya_160_m_2636558418,"Продаётся Универсальное помещение — 160м2, высокий цоколь с окнами в 19-этажном кирпичном доме 2017 года постройки. В помещении: свободная планировка, высота потолков 4м, 2 с/у, душевая, 2 входа, электричество 15 квт, на полу хорошая стяжка, стены выровнены, окна на 2 стороны. В доме УК, рядом парковка. Рядом развитая инфраструктура, высокий пешеходный и автомобильный трафик, Губернский рынок, торговые павильоны, удобная транспортная развязка. Отлично подходит под спортивный центр, студию, офис. 1 Взрослый собственник.",693,2023-11-30 21:15:00,"АН ""Мечты сбываются""",-,"{'вход': 'с улицы', 'общая площадь': '160 м²', 'этаж': 'цокольный', 'отделка': 'чистовая', 'тип сделки': 'продажа'}"
"Офис, 45.1 м²",4510000,https://www.avito.ru/samara/kommercheskaya_nedvizhimost/ofis_45.1_m_3589222358,"Продаётся нежилое помещение площадью 45,1 кв. М., расположенное на 2 этаже нового 20-ти этажного ЖК «Ильинская Плаза» по адресу: г. Самара, ул. Буянова, д. 120, пом. № 35. Помещение без отделки, залита стяжка пола, установлены пластиковые окна, выходящие на улицу Маяковского. На этаже выполнен отличный ремонт, в общем доступе имеется санузел. Объявление размещено собственником.",308,2023-11-15 17:29:00,Пользователь,-,"{'общая площадь': '45 м²', 'этаж': '2', 'высота потолков': '3.3 м', 'отделка': 'без отделки', 'планировка': 'кабинетная', 'тип сделки': 'продажа'}"
"Офис, 100 м²",8000000,https://www.avito.ru/samara/kommercheskaya_nedvizhimost/ofis_100_m_3229420780,"Продается нежилое помещение общей площадью 99,3 кВ. М( 4 кабинета, рецепшен, два санузла). На 2 этаже/2 эт. Здания на первой линии ул. Куйбышева. Помещение с отдельным входом с ул. Куйбышева, занимает весь второй этаж. Окна выходят на ул. Куйбышева. План объекта приложен. Ремонт. На данный момент действующий медицинский центр. В шаговой доступности находится остановки общественного транспорта, различные кофейни, супермаркеты и другие объекты инфраструктуры города. Возможна продажа с арендаторами.",806,2023-11-20 19:10:00,Пользователь,-,"{'общая площадь': '100 м²', 'этаж': '2', 'высота потолков': '3 м', 'отделка': 'офисная', 'планировка': 'кабинетная', 'тип сделки': 'продажа', 'арендаторы': 'помещение сдано'}"
"Склад, 3 м²",160000,https://www.avito.ru/samara/kommercheskaya_nedvizhimost/sklad_3_m_3690043103,"Продам кладовку, кладовую. Отлично подойдет для жильцов ЖК Надежда. Доступ круглосуточно. Можно подъехать на машине, можно спуститься на лифте со своего этажа. Имеется освещение, есть электро розетка. По документам — нежилое обособленное помещение. Площади в районе 3 кв. М. Коммуналка в районе 25 руб. За квадрадный метр в месяц. Так же, рассмотрю варианты долгосрочной аренды.",582,2023-11-23 13:59:00,Дмитрий Зориков,-,"{'общая площадь': '3 м²', 'этаж': 'подвальный', 'высота потолков': '3 м', 'отделка': 'без отделки', 'мощность электросети': '1 квт', 'отопление': 'нет', 'тип сделки': 'продажа'}"
"Свободного назначения, 38 м²",1710000,https://www.avito.ru/samara/kommercheskaya_nedvizhimost/svobodnogo_naznacheniya_38_m_2362436475,"Продаю нежилое помещение на цокольном этаже нового многоэтажного дома в ЖК Волгарь. Ремонт новый, после ремонта никто помещение не занимал. Качественная эл. Проводка, отопление в помещении, сан узел есть на этаже на несколько помещений, можем бесплатно подтянуть воду и канализацию для организации собственного сан узла. Эвакуационный выход. Место под рекламу возле входа. Всё городские коммуникации. Невысокая стоимость коммуналки. Низкая кадастровая стоимость. Собственник. Документы на собственность на руках. Район очень плотно заселен. Вход в десяти метрах от входа в подъезд. Подойдёт под сферу услуг, торговлю, офис, небольшое производство и другое. По удалённости 5 минут до площади революции по новому Фрунзенскому мосту. 45 т. Р/м. Так же есть помещение 41м. Возможен небольшой торг и так же скидка при покупке 2-х помещений.",1455,2023-11-18 10:11:00,Пользователь,-,"{'вход': 'со двора', 'отдельный вход': 'есть', 'общая площадь': '38 м²', 'этаж': 'цокольный', 'высота потолков': '2.7 м', 'отделка': 'чистовая', 'мощность электросети': '15 квт', 'отопление': 'центральное', 'тип сделки': 'продажа'}"
"Свободного назначения, 17.4 м²",957000,https://www.avito.ru/samara/kommercheskaya_nedvizhimost/svobodnogo_naznacheniya_17.4_m_2972022158,"Прямая продажа от собственника. Помещение свободного назначения, расположенное в цокольном этаже жилого кирпичного дома с выходом на улицу с высоким трафиком движения. Район густо населенный. С действующим арендатором (оператор связи). Чистое помещение, состоящее из 1 комнаты. Состояние хорошее, теплое. Счетчик электроэнергии. Без окна и санузла. Обслуживание управляющей компанией.",2061,2023-11-27 14:06:00,Пользователь,-,"{'вход': 'с улицы', 'общая площадь': '17.4 м²', 'этаж': 'цокольный', 'высота потолков': '2.7 м', 'отделка': 'офисная', 'отопление': 'центральное', 'тип сделки': 'продажа'}"
"Офис, 16.3 м²",1360000,https://www.avito.ru/samara/kommercheskaya_nedvizhimost/ofis_16.3_m_3477938475,"Расположен на 2 этаже в здании Бизнес центра с доступом 24/7. Помещение с офисной отделкой, мокрая точка, вид из окна на детскую площадку ЖК «Сокол». Капремонт( с выравниванием стен, обшивкой их частично мдф панелями, укладкой плитки на полах, подводом воды в офис…). Санузлы раздельные на этаже. Два входа в здание. Домофон. Есть место на фасаде под рекламу. Офис сдается арендаторам третий год под медицинскую деятельность. Продажа от собственника, в собственности более 2-х лет. Агентов без реального клиента просьба не беспокоить, есть свой агент. Показ осуществляется агентом (строго по договоренности в будние дни в период с 17-21.00). Все вопросы по существу в Л/с.",839,2023-11-27 21:25:00,Елена,-,"{'общая площадь': '16.3 м²', 'этаж': '2', 'отделка': 'офисная', 'планировка': 'кабинетная', 'тип сделки': 'продажа', 'арендаторы': 'помещение сдано'}"
Универсальное 70.6 кв.м Красноармейская/Буянова,7500000,https://www.avito.ru/samara/kommercheskaya_nedvizhimost/universalnoe_70.6_kv.m_krasnoarmeyskayabuyanova_2933485100,"Продажа помещения свободного назначения по адресу — улица Красноармейская, 101, расположенное в цокольном этаже многоэтажного жилого дома. Район многочисленной высотной застройки. Большой трафик пешеходов и автомобилей. Первая линия по Красноармейской. Дом находится между пересечениями с улицами Никитинская и Буянова. Рядом железнодорожный вокзал, Ильинская площадь, множество магазинов, медицинских учреждений, салонов красоты. Прекрасная транспортная доступность из любой части города как на личном, так и на общественном транспорте. Площадь 70,6 кв. М. В помещении 3 комнаты, Т — образный коридор, большой санузел, два входа (центральный по фасаду ул. Красноармейской, второй со двора). В каждой комнате есть окно. Помещение светлое и тёплое. Под помещением подвал. Над помещением — другие коммерческие помещения. Помещение может быть использовано под многие виды деятельности, поэтому привлекательно для инвестиции! От собственника! Без комиссии для покупателя.",952,2023-12-04 13:15:00,РЕЗИДЕНЦИЯ НЕДВИЖИМОСТИ,-,"{'вход': 'с улицы', 'отдельный вход': 'есть', 'общая площадь': '70.6 м²', 'этаж': 'цокольный', 'отделка': 'офисная', 'отопление': 'центральное', 'тип сделки': 'продажа'}"
Торговое помещение с арендатором на первой линии,7000000,https://www.avito.ru/samara/kommercheskaya_nedvizhimost/torgovoe_pomeschenie_s_arendatorom_na_pervoy_linii_3454953728,"Кировский район, Шариковый переулок, 2 / ул. Минская, 65 (120,8кв. М.). Продаётся торговое помещение на первой линии ул. Минской внутри плотной жилой застройки. Общая площадь S 120,8кв. М. Высокий цокольный этаж. Полноразмерные окна. Отдельный вход с ул Минской с шириной проёма 1м. Входная дверь из алюминиевого профиля. Высота от пола до потолка Н 2,5м. Внутри отделка: - входная группа оборудована навесом, оборудовано место для вывески; - стены штукатурка под окраску; - потолок «армстронг» со светодиодным освещением; - на полу керамогранит 300х300; - отдельный санузел с новыми сантехприборами; - новая электропроводка; - новые Пвх окна; - новые радиаторы отопления; - 15квт; - есть запасной выход во двор; Фасад цокольного этажа отштукатурен и окрашен. Прилегающая территория благоустроена (подход к помещению оборудован тротуарной дорожкой). В ближайшем окружении алко маркет «Красное и Белое», пивной магазин «Жигулёвское пиво», «Водоробот», Пвз «Валберис», Пвз «Яндекс маркет» и т. Д. Помещение сдано в аренду. Мап — 62 000руб. + КУ. Гап — 744 000руб. Цена 7 000 000 руб. Без какой либо комиссии для покупателя! Вахлаков Вадим.",229,2023-11-27 10:55:00,ГК Визит,-,"{'вход': 'с улицы', 'отдельный вход': 'есть', 'общая площадь': '120.8 м²', 'этаж': 'цокольный', 'высота потолков': '2.5 м', 'отделка': 'офисная', 'мощность электросети': '15 квт', 'отопление': 'центральное', 'тип сделки': 'продажа'}"
Торговое помещение с арендаторами,8400000,https://www.avito.ru/samara/kommercheskaya_nedvizhimost/torgovoe_pomeschenie_s_arendatorami_3071047791,"Продаётся помещение в п. Толевый. Г. Самара, Железнодорожный район, ул. Белогородская, 44. Ближайшее пересечение с ул. Хибинским переулком. Этаж/Этажность: 1/4 (1-й эт. 160 кв. М., цоколь 230 кв. М). Общая площадь: 390 кв. М. Отдельный вход. Выделенная мощность 15 квт. Высота потолков 3 м. Место под рекламу на фасаде помещения: баннеры над входом или окнах. В ближайшем окружении: Школа № 59, сеть магазинов 9%, продуктовые магазины и др. Арендаторы: Светлячок 57 000 в мес. (договор 5 лет), водомат 3.000 в мес. Стоимость продажи: 8 400 000 рублей. Без какой либо комиссии для покупателя! Безроднов Михаил.",657,2023-12-05 10:21:00,ГК Визит,-,"{'вход': 'с улицы', 'отдельный вход': 'есть', 'общая площадь': '390 м²', 'этаж': '1', 'высота потолков': '3 м', 'отделка': 'офисная', 'мощность электросети': '15 квт', 'отопление': 'центральное', 'тип сделки': 'продажа', 'арендаторы': 'помещение сдано'}"
Арендный бизнес сеть озон,4000000,https://www.avito.ru/samara/kommercheskaya_nedvizhimost/arendnyy_biznes_set_ozon_2463417250,"Продается помещение с федеральным арендатором Ozon. Адрес: г. Самара. Красноглинский район, 3-й квартал, 28. Общая площадь: 60,1 кв. М. Этаж/этажность: 1/2. - Отдельный вход. - Окна выходят: на улицу и во двор. - Парковка у входа. Высота потолков: 3 м. Охранная и пожарная сигнализации. Планировка: 5 комнат, свой санузел. Выделенная мощность: 5 квт. Ремонт в помещении: пол- плитка, стены-под покраску, потолок-армстронг. В ближайшем окружении располагаются: остановка в 200м, Почта России, Пятерочка, 9%, Вита, стоматология, пекарня, гостиница, Сбербанк, Электрощит. Арендатор Озон располагается 3 года. Стоимость продажи: 4 000 000 рублей. Без какой либо комиссии для покупателя! Емельянов Артём.",1447,2023-12-06 13:43:00,ГК Визит,-,"{'вход': 'с улицы', 'отдельный вход': 'есть', 'общая площадь': '60 м²', 'этаж': '1', 'высота потолков': '3 м', 'отделка': 'офисная', 'мощность электросети': '5 квт', 'отопление': 'центральное', 'тип сделки': 'продажа', 'арендаторы': 'помещение сдано'}"
Нежилое помещение с двумя входами на Гагарина,4900000,https://www.avito.ru/samara/kommercheskaya_nedvizhimost/nezhiloe_pomeschenie_s_dvumya_vhodami_na_gagarina_3359125162,"Продается нежилое помещение. Г. Самара, Октябрьский район, ул. Гагарина, д.26а. Ближайшее пересечение с пр. Митирёва. Общая площадь: 175 кв. М. Этаж/этажность: -1/9. В помещение два отдельных входа с улицы Гагарина и пр. Митирёва. Возможность разгрузки грузовых машин. Место под рекламу на фасаде помещения: отдельная выносная конструкция/баннеры над входом. Высота потолков: 2,5 м. Выделенная мощность: 15 квт. Ремонт в помещении: пол плитка, стены окрашены. Близость остановок общественного транспорта. В ближайшем окружении: Идк «Мать и Дитя», Банк Солидарность, Пятёрочка, Почта России, магазины, аптеки, кафе, и тд. Возможное использование: подходит под любой вид деятельности, салон красоты, общественное питание, бар, клуб и тд. Стоимость продажи: 4 900 000 рублей. Без какой либо комиссии для покупателя! Дёмин Роман.",706,2023-11-27 12:55:00,ГК Визит,-,"{'вход': 'с улицы', 'отдельный вход': 'есть', 'общая площадь': '175 м²', 'этаж': 'цокольный', 'высота потолков': '2.5 м', 'отделка': 'офисная', 'мощность электросети': '15 квт', 'отопление': 'центральное', 'тип сделки': 'продажа'}"
"Универсальное помещение, 73.2 м²",3100000,https://www.avito.ru/samara/kommercheskaya_nedvizhimost/universalnoe_pomeschenie_73.2_m_3705940692,Номер объекта: 51536. Менеджер объекта: Шаврыгин Алексей. Продается Универсальное помещение в первой линии по ул. Георгия Димитрова. Отличная локация: -Огромный пешеходный и автотрафик; -Большой спальный микрорайон с большим количеством потребителей. -Удобные подъездные пути. Есть возможность на фасаде организовать вывеску. Приличные соседи. Места общего пользования в хорошем состоянии. Помещение отремонтированное. В данный момент используется под спортзал. Стабильные и надежные арендаторы.,322,2023-11-27 12:37:00,АН «Новая Жизнь»,-,"{'вход': 'с улицы', 'общая площадь': '73.2 м²', 'этаж': 'цокольный', 'отделка': 'чистовая', 'тип сделки': 'продажа'}"
